{"cameraMode":{"drawMode":0,"name":"Shaded","section":"Shading Mode"},"sceneLighting":false,"audioPlay":false,"sceneViewState":{"showFog":true,"showMaterialUpdate":true,"showSkybox":false,"showFlares":true,"showImageEffects":true,"showParticleSystems":true},"in2DMode":false,"pivot":{"x":3.7899999618530275,"y":2.9190001487731935,"z":-0.11000001430511475},"rotation":{"x":0.06657926738262177,"y":-0.8108333945274353,"z":0.09406709671020508,"w":0.5738480091094971},"size":9.242510795593262,"orthographic":false}