{"cameraMode":{"drawMode":0,"name":"Shaded","section":"Shading Mode"},"sceneLighting":false,"audioPlay":false,"sceneViewState":{"showFog":false,"showMaterialUpdate":false,"showSkybox":false,"showFlares":false,"showImageEffects":false,"showParticleSystems":false},"in2DMode":false,"pivot":{"x":0.06999659538269043,"y":0.04726266860961914,"z":0.022844552993774415},"rotation":{"x":0.21224121749401093,"y":-0.7430106401443481,"z":0.27586331963539126,"w":0.5716655850410461},"size":9.348652839660645,"orthographic":false}