{"cameraMode":{"drawMode":0,"name":"Shaded","section":"Shading Mode"},"sceneLighting":false,"audioPlay":false,"sceneViewState":{"showFog":true,"showMaterialUpdate":true,"showSkybox":false,"showFlares":true,"showImageEffects":true,"showParticleSystems":true},"in2DMode":false,"pivot":{"x":1.862645149230957e-9,"y":1.880000114440918,"z":0.013550490140914917},"rotation":{"x":0.12977036833763123,"y":-0.7773931622505188,"z":0.17058230936527253,"w":0.5914357900619507},"size":1.7097162008285523,"orthographic":false}