{"cameraMode":{"drawMode":0,"name":"Shaded","section":"Shading Mode"},"sceneLighting":false,"audioPlay":false,"sceneViewState":{"showFog":false,"showMaterialUpdate":false,"showSkybox":false,"showFlares":false,"showImageEffects":false,"showParticleSystems":false},"in2DMode":false,"pivot":{"x":-1.5480057001113892,"y":3.709784984588623,"z":0.20674823224544526},"rotation":{"x":0.38074153661727908,"y":0.3415646255016327,"z":-0.15358471870422364,"w":0.8455997109413147},"size":4.041658401489258,"orthographic":false}