{"cameraMode":{"drawMode":0,"name":"Shaded","section":"Shading Mode"},"sceneLighting":false,"audioPlay":false,"sceneViewState":{"showFog":false,"showMaterialUpdate":false,"showSkybox":false,"showFlares":false,"showImageEffects":false,"showParticleSystems":false},"in2DMode":false,"pivot":{"x":0.7389345169067383,"y":2.0069055557250978,"z":-0.8128142356872559},"rotation":{"x":0.06821034848690033,"y":-0.7197961807250977,"z":0.07154020667076111,"w":0.6872255802154541},"size":2.1135034561157228,"orthographic":false}