{"cameraMode":{"drawMode":0,"name":"Shaded","section":"Shading Mode"},"sceneLighting":true,"audioPlay":false,"sceneViewState":{"showFog":true,"showMaterialUpdate":true,"showSkybox":true,"showFlares":true,"showImageEffects":true,"showParticleSystems":true},"in2DMode":false,"pivot":{"x":-75.80059814453125,"y":-18.6976375579834,"z":27.126340866088868},"rotation":{"x":0.08044872432947159,"y":-0.6727774143218994,"z":0.07396755367517472,"w":0.7317732572555542},"size":95.10102081298828,"orthographic":false}