{"cameraMode":{"drawMode":0,"name":"Shaded","section":"Shading Mode"},"sceneLighting":false,"audioPlay":false,"sceneViewState":{"showFog":true,"showMaterialUpdate":true,"showSkybox":false,"showFlares":true,"showImageEffects":true,"showParticleSystems":true},"in2DMode":false,"pivot":{"x":-11.70977783203125,"y":-4.077554702758789,"z":1.247077226638794},"rotation":{"x":-0.023818686604499818,"y":0.9525586366653442,"z":-0.07732605934143067,"w":-0.29341432452201846},"size":0.8573645353317261,"orthographic":false}