{"cameraMode":{"drawMode":0,"name":"Shaded","section":"Shading Mode"},"sceneLighting":false,"audioPlay":false,"sceneViewState":{"showFog":true,"showMaterialUpdate":true,"showSkybox":false,"showFlares":true,"showImageEffects":true,"showParticleSystems":true},"in2DMode":false,"pivot":{"x":0.9873555898666382,"y":-0.8069895505905151,"z":31.10530662536621},"rotation":{"x":0.07102186232805252,"y":-0.7938836812973023,"z":0.09451544284820557,"w":0.596508264541626},"size":3.109428882598877,"orthographic":false}