{"cameraMode":{"drawMode":0,"name":"Shaded","section":"Shading Mode"},"sceneLighting":false,"audioPlay":false,"sceneViewState":{"showFog":true,"showMaterialUpdate":true,"showSkybox":false,"showFlares":true,"showImageEffects":true,"showParticleSystems":true},"in2DMode":false,"pivot":{"x":0.0,"y":1.1332025527954102,"z":2.7200000286102297},"rotation":{"x":0.10471345484256745,"y":-0.7054329514503479,"z":0.10661551356315613,"w":0.6928478479385376},"size":1.0983799695968629,"orthographic":false}