{"cameraMode":{"drawMode":0,"name":"Shaded","section":"Shading Mode"},"sceneLighting":false,"audioPlay":false,"sceneViewState":{"showFog":true,"showMaterialUpdate":true,"showSkybox":false,"showFlares":true,"showImageEffects":true,"showParticleSystems":true},"in2DMode":false,"pivot":{"x":0.11792157590389252,"y":-0.47582530975341799,"z":36.1312255859375},"rotation":{"x":0.10481677204370499,"y":-0.7174661159515381,"z":0.11063793301582337,"w":0.6797305941581726},"size":3.476043224334717,"orthographic":false}